Type,Severity,LocationLat,LocationLng
Cold,Severe,43.6822,-93.3722
Cold,Severe,43.9581,-90.7397
Cold,Severe,43.9581,-90.7397
Snow,Light,42.8808,-85.5228
Snow,Light,42.8808,-85.5228
Fog,Moderate,42.5764,-84.8124
Snow,Light,42.5764,-84.8124
Snow,Light,42.5764,-84.8124
Snow,Light,42.5764,-84.8124
Fog,Severe,45.7691,-122.8637
Cold,Severe,46.0244,-92.8991
Cold,Severe,46.0244,-92.8991
Snow,Light,40.9181,-81.4434
Cold,Severe,44.3048,-96.8169
Cold,Severe,41.534,-93.6531
Cold,Severe,45.0625,-93.3508
Rain,Light,31.1387,-97.7145
Snow,Light,31.1387,-97.7145
Snow,Light,41.1881,-103.6774
Snow,Light,41.1881,-103.6774
Snow,Light,41.1881,-103.6774
Snow,Light,41.1881,-103.6774
Snow,Light,41.1881,-103.6774
Snow,Light,41.1881,-103.6774
Snow,Light,41.1881,-103.6774
Cold,Severe,44.9324,-93.0559
Cold,Severe,44.9358,-74.8455
Cold,Severe,40.6675,-89.6839
Cold,Severe,46.1731,-98.0799
Fog,Severe,47.0792,-122.5808
Fog,Severe,47.0792,-122.5808
Rain,Light,47.0792,-122.5808
Fog,Severe,47.0792,-122.5808
Rain,Light,47.0792,-122.5808
Fog,Severe,47.0792,-122.5808
Fog,Severe,47.0792,-122.5808
Rain,Light,47.0792,-122.5808
Rain,Light,47.0792,-122.5808
Rain,Light,47.0792,-122.5808
Fog,Severe,47.0792,-122.5808
Cold,Severe,40.7242,-95.0222
Cold,Severe,40.7242,-95.0222
Rain,Light,26.5381,-81.7567
Rain,Light,26.5381,-81.7567
Snow,Light,42.5709,-77.7131
Fog,Moderate,42.5709,-77.7131
Snow,Light,42.5709,-77.7131
Snow,Light,37.2958,-81.2077
Snow,Light,37.2958,-81.2077
Snow,Light,37.2958,-81.2077
Rain,Light,31.554000000000002,-81.8825
Rain,Light,31.554000000000002,-81.8825
Fog,Severe,46.0946,-118.2858
Fog,Severe,46.0946,-118.2858
Snow,Light,46.0946,-118.2858
Fog,Severe,47.166000000000004,-88.4807
Snow,Light,47.166000000000004,-88.4807
Fog,Moderate,41.7016,-74.795
Cold,Severe,48.8844,-99.6208
Cold,Severe,48.8844,-99.6208
Cold,Severe,41.0521,-91.9834
Cold,Severe,43.6424,-70.3044
Snow,Light,31.1525,-97.4078
Rain,Light,31.2504,-82.3957
Rain,Light,31.2504,-82.3957
Cold,Severe,40.9611,-98.3136
Cold,Severe,40.9611,-98.3136
Rain,Light,27.9126,-82.6855
Rain,Light,27.9126,-82.6855
Rain,Light,27.9126,-82.6855
Rain,Light,27.9126,-82.6855
Fog,Moderate,48.3008,-102.4064
Cold,Severe,48.3008,-102.4064
Cold,Severe,46.8715,-68.0179
Cold,Severe,46.8715,-68.0179
Snow,Light,46.8715,-68.0179
Snow,Light,41.1579,-104.8081
Snow,Light,41.1579,-104.8081
Snow,Light,31.6412,-96.5144
Cold,Severe,45.6689,-96.9914
Cold,Severe,46.2865,-96.1534
Snow,Light,30.8721,-96.6222
Cold,Severe,42.9895,-96.0606
Snow,Light,42.1078,-77.9842
Fog,Moderate,42.1078,-77.9842
Snow,Light,42.1078,-77.9842
Fog,Moderate,42.1078,-77.9842
Snow,Light,42.1078,-77.9842
Snow,Light,42.1078,-77.9842
Fog,Moderate,42.1078,-77.9842
Snow,Light,42.1078,-77.9842
Fog,Moderate,42.1078,-77.9842
Snow,Light,42.1078,-77.9842
Fog,Moderate,42.1078,-77.9842
Fog,Moderate,42.1078,-77.9842
Snow,Light,42.1078,-77.9842
Cold,Severe,41.7635,-96.1779
Fog,Moderate,37.4059,-122.04899999999999
Fog,Moderate,37.4059,-122.04899999999999
Fog,Moderate,37.4059,-122.04899999999999
Cold,Severe,42.743,-93.7592
Snow,Light,31.0673,-97.8289
Fog,Moderate,40.0853,-78.5122
Snow,Light,40.0853,-78.5122
Snow,Light,40.0853,-78.5122
Snow,Light,40.0853,-78.5122
Snow,Light,40.0853,-78.5122
Cold,Severe,42.1106,-92.9161
Snow,Light,36.3712,-82.1734
Fog,Moderate,39.8261,-84.0483
Fog,Severe,39.8261,-84.0483
Fog,Moderate,39.8261,-84.0483
Cold,Severe,48.48,-99.236
Cold,Severe,41.0185,-93.3608
Cold,Severe,43.208,-95.8352
Fog,Moderate,31.3087,-86.3938
Rain,Light,31.885,-82.647
Rain,Light,26.1597,-97.3378
Rain,Light,26.1597,-97.3378
Rain,Light,26.1597,-97.3378
Fog,Moderate,26.1597,-97.3378
Snow,Light,37.062,-81.7977
Snow,Light,37.062,-81.7977
Snow,Light,37.062,-81.7977
Snow,Light,37.062,-81.7977
Snow,Light,37.062,-81.7977
Snow,Light,37.062,-81.7977
Cold,Severe,43.6217,-96.2139
Cold,Severe,43.6496,-94.9884
Cold,Severe,38.2506,-86.9472
Fog,Moderate,39.7945,-105.7639
Fog,Moderate,39.7945,-105.7639
Storm,Severe,39.7945,-105.7639
Fog,Moderate,39.7945,-105.7639
Storm,Severe,39.7945,-105.7639
Storm,Severe,39.7945,-105.7639
Storm,Severe,39.7945,-105.7639
Storm,Severe,39.7945,-105.7639
Storm,Severe,39.7945,-105.7639
Storm,Severe,39.7945,-105.7639
Snow,Light,38.1847,-84.9033
Fog,Moderate,34.086,-118.0348
Rain,Light,31.5401,-82.5074
Rain,Light,31.5401,-82.5074
Rain,Light,31.5401,-82.5074
Rain,Light,31.5401,-82.5074
Fog,Moderate,39.7556,-82.6571
Cold,Severe,39.7556,-82.6571
Snow,Light,39.7556,-82.6571
Snow,Light,43.3504,-76.3832
Fog,Moderate,43.3504,-76.3832
Cold,Severe,43.3504,-76.3832
Snow,Light,43.3504,-76.3832
Fog,Moderate,43.3504,-76.3832
Snow,Light,43.3504,-76.3832
Fog,Severe,43.3504,-76.3832
Snow,Light,43.3504,-76.3832
Fog,Severe,36.3135,-119.3884
Fog,Moderate,36.3135,-119.3884
Cold,Severe,48.3904,-100.0243
Cold,Severe,46.218,-100.245
Snow,Light,42.2283,-85.546
Fog,Moderate,42.2283,-85.546
Snow,Light,42.2283,-85.546
Snow,Light,42.2283,-85.546
Snow,Light,43.4393,-85.9949
Snow,Light,43.4393,-85.9949
Snow,Light,43.4393,-85.9949
Snow,Light,43.4393,-85.9949
Snow,Light,43.4393,-85.9949
Snow,Light,43.4393,-85.9949
Snow,Light,43.4393,-85.9949
Snow,Light,43.4393,-85.9949
Snow,Light,42.2314,-83.3308
Fog,Moderate,40.6322,-79.1055
Fog,Moderate,40.6322,-79.1055
Fog,Moderate,40.6322,-79.1055
Cold,Severe,41.2612,-95.7604
Rain,Light,31.8872,-81.5624
Rain,Light,31.8872,-81.5624
Rain,Light,31.8872,-81.5624
Snow,Light,41.5263,-85.7862
Fog,Moderate,41.5263,-85.7862
Snow,Light,41.5263,-85.7862
Snow,Light,41.5263,-85.7862
Cold,Severe,44.3827,-100.286
Snow,Light,43.3221,-84.6879
Snow,Light,43.3221,-84.6879
Snow,Light,43.3221,-84.6879
Fog,Moderate,43.3221,-84.6879
Cold,Severe,48.928999999999995,-103.29700000000001
Cold,Severe,38.7578,-104.3013
Fog,Moderate,45.4071,-83.8129
Snow,Light,45.4071,-83.8129
Fog,Moderate,45.4071,-83.8129
Snow,Light,33.9829,-83.9584
Cold,Severe,44.7603,-106.9741
Fog,Moderate,44.7603,-106.9741
Fog,Moderate,44.7603,-106.9741
Snow,Light,44.7603,-106.9741
Fog,Severe,44.7603,-106.9741
Fog,Moderate,44.7603,-106.9741
Cold,Severe,41.5844,-95.3397
Cold,Severe,41.5844,-95.3397
Cold,Severe,33.9422,-96.3944
Cold,Severe,33.9422,-96.3944
Cold,Severe,45.5628,-93.2644
Cold,Severe,48.7531,-98.3937
Snow,Light,40.4814,-80.2083
Snow,Light,40.4814,-80.2083
Cold,Severe,41.9905,-93.6185
Snow,Light,31.1059,-98.1975
Snow,Light,31.1059,-98.1975
Cold,Severe,43.7659,-99.3216
Cold,Severe,43.7659,-99.3216
Snow,Light,43.5349,-72.9514
Cold,Severe,43.5349,-72.9514
Fog,Moderate,33.9753,-117.6361
Fog,Moderate,33.9753,-117.6361
Fog,Moderate,33.9753,-117.6361
Fog,Severe,33.9753,-117.6361
Cold,Severe,46.8128,-101.8602
Rain,Light,30.7763,-83.2739
Rain,Light,30.7763,-83.2739
Rain,Light,30.7763,-83.2739
Rain,Light,38.2667,-121.95
Snow,Light,43.1711,-86.2367
Rain,Light,27.7409,-98.0269
Cold,Severe,46.9412,-98.01799999999999
Cold,Severe,39.4743,-88.2723
Snow,Light,37.5913,-83.3137
Fog,Moderate,39.3451,-81.4392
Fog,Moderate,39.3451,-81.4392
Snow,Light,39.3451,-81.4392
Fog,Moderate,39.3451,-81.4392
Cold,Severe,40.1589,-89.3389
Snow,Light,39.43,-101.0511
Snow,Light,39.43,-101.0511
Fog,Moderate,28.5465,-81.3354
Rain,Light,28.5465,-81.3354
Rain,Light,28.5465,-81.3354
Fog,Moderate,33.953,-117.4349
Cold,Severe,43.0665,-83.2716
Cold,Severe,43.0665,-83.2716
Snow,Light,43.0665,-83.2716
Fog,Moderate,33.6267,-116.1594
Fog,Moderate,33.6267,-116.1594
Rain,Light,26.9688,-99.2489
Rain,Light,26.9688,-99.2489
Rain,Light,26.9688,-99.2489
Rain,Light,26.9688,-99.2489
Rain,Light,26.9688,-99.2489
Rain,Light,26.9688,-99.2489
Rain,Light,26.9688,-99.2489
Snow,Light,36.8949,-81.3499
Snow,Light,32.6875,-103.21700000000001
Cold,Severe,42.4708,-93.27
Rain,Moderate,29.7268,-85.0248
Rain,Light,29.7268,-85.0248
Rain,Light,29.7268,-85.0248
Cold,Severe,44.0556,-75.7195
Cold,Severe,44.0556,-75.7195
Snow,Light,44.0556,-75.7195
Snow,Light,44.0556,-75.7195
Snow,Light,44.0556,-75.7195
Fog,Moderate,44.0556,-75.7195
Snow,Light,44.0556,-75.7195
Fog,Moderate,44.0556,-75.7195
Snow,Light,44.0556,-75.7195
Snow,Light,44.0556,-75.7195
Cold,Severe,46.6833,-92.0925
Cold,Severe,44.0459,-103.0544
Cold,Severe,40.4774,-88.9143
Rain,Light,27.0716,-82.4403
Fog,Moderate,27.0716,-82.4403
Fog,Moderate,27.0716,-82.4403
Snow,Light,45.5644,-84.7929
Snow,Light,45.5644,-84.7929
Fog,Moderate,45.5644,-84.7929
Fog,Moderate,45.5644,-84.7929
Snow,Light,45.5644,-84.7929
Fog,Moderate,45.5644,-84.7929
Fog,Moderate,45.5644,-84.7929
Snow,Light,45.5644,-84.7929
Fog,Moderate,45.5644,-84.7929
Fog,Moderate,45.5644,-84.7929
Fog,Moderate,45.5644,-84.7929
Snow,Light,44.4515,-83.3942
Snow,Light,44.4515,-83.3942
Snow,Light,44.4515,-83.3942
Fog,Moderate,44.4515,-83.3942
Fog,Moderate,44.4515,-83.3942
Cold,Severe,45.8886,-93.26899999999999
Cold,Severe,45.1426,-93.2127
Snow,Light,41.0467,-78.4117
Snow,Light,41.0467,-78.4117
Snow,Light,41.0467,-78.4117
Snow,Light,41.0467,-78.4117
Fog,Severe,32.6922,-117.2098
Fog,Severe,32.6922,-117.2098
Fog,Severe,32.6922,-117.2098
Fog,Moderate,32.6922,-117.2098
Cold,Severe,47.4733,-111.3822
Rain,Light,29.1735,-81.0719
Rain,Light,29.1735,-81.0719
Rain,Light,29.1735,-81.0719
Cold,Severe,42.3914,-96.3792
Fog,Severe,47.1039,-122.2872
Fog,Severe,47.1039,-122.2872
Fog,Severe,47.1039,-122.2872
Fog,Severe,47.1039,-122.2872
Fog,Severe,47.1039,-122.2872
Fog,Moderate,34.2156,-118.4917
Fog,Moderate,34.2156,-118.4917
Fog,Moderate,34.2156,-118.4917
Cold,Severe,40.9329,-90.4334
Cold,Severe,40.9329,-90.4334
Snow,Light,41.7358,-83.6553
Snow,Light,41.7358,-83.6553
Snow,Light,41.7358,-83.6553
Snow,Light,41.7358,-83.6553
Snow,Light,41.7358,-83.6553
Snow,Light,41.7358,-83.6553
Fog,Moderate,41.7358,-83.6553
Snow,Light,41.7358,-83.6553
Cold,Severe,33.4503,-88.5914
Cold,Severe,46.9258,-98.6691
Snow,Light,46.4794,-84.3572
Snow,Light,46.4794,-84.3572
Snow,Light,46.4794,-84.3572
Snow,Moderate,46.4794,-84.3572
Snow,Light,46.4794,-84.3572
Snow,Light,46.4794,-84.3572
Fog,Moderate,46.4794,-84.3572
Snow,Light,46.4794,-84.3572
Fog,Moderate,44.5754,-71.1759
Cold,Severe,44.5754,-71.1759
Cold,Severe,44.5754,-71.1759
Fog,Moderate,44.5754,-71.1759
Cold,Severe,43.967,-88.5581
Fog,Severe,43.2337,-123.3577
Fog,Severe,43.2337,-123.3577
Cold,Severe,35.2578,-113.9331
Fog,Moderate,37.3594,-121.9244
Fog,Severe,36.9851,-120.1106
Fog,Severe,36.9851,-120.1106
Fog,Severe,36.9851,-120.1106
Fog,Moderate,36.9851,-120.1106
Snow,Light,41.94,-83.4347
Fog,Moderate,41.94,-83.4347
Cold,Severe,44.5202,-109.0238
Cold,Severe,40.4615,-91.4274
Cold,Severe,43.9392,-90.2532
Cold,Severe,43.9392,-90.2532
Fog,Moderate,44.3394,-105.5419
Fog,Moderate,37.9917,-122.0519
Snow,Light,30.6808,-97.6767
Cold,Severe,43.677,-92.1742
Snow,Light,30.7406,-98.2353
Snow,Light,40.4381,-76.5643
Snow,Light,40.4381,-76.5643
Snow,Light,40.4381,-76.5643
Snow,Light,40.4381,-76.5643
Snow,Light,40.4381,-76.5643
Snow,Light,40.4381,-76.5643
Snow,Light,40.4381,-76.5643
Precipitation,UNK,40.6499,-75.4477
Precipitation,UNK,40.6499,-75.4477
Fog,Moderate,41.1795,-78.8933
Fog,Moderate,41.1795,-78.8933
Fog,Severe,41.1795,-78.8933
Fog,Moderate,41.1795,-78.8933
Snow,Light,41.1795,-78.8933
Fog,Moderate,41.1795,-78.8933
Snow,Light,41.1795,-78.8933
Fog,Moderate,41.1795,-78.8933
Snow,Light,41.1795,-78.8933
Snow,Light,41.1795,-78.8933
Fog,Severe,41.1795,-78.8933
Snow,Light,41.1795,-78.8933
Fog,Severe,41.1795,-78.8933
Fog,Severe,41.1795,-78.8933
Fog,Moderate,41.1795,-78.8933
Fog,Moderate,41.1795,-78.8933
Rain,Light,33.1855,-80.0362
Fog,Moderate,33.1855,-80.0362
Fog,Moderate,33.1855,-80.0362
Fog,Moderate,33.1855,-80.0362
Fog,Moderate,33.1855,-80.0362
Fog,Severe,38.2578,-122.6053
Cold,Severe,41.5175,-88.179
Cold,Severe,47.2521,-91.4098
Cold,Severe,43.6551,-95.5792
Fog,Moderate,43.7774,-82.9827
Rain,Light,28.615,-80.6945
Rain,Light,28.615,-80.6945
Rain,Light,28.615,-80.6945
Rain,Moderate,28.615,-80.6945
Rain,Light,28.615,-80.6945
Rain,Light,28.615,-80.6945
Rain,Light,28.615,-80.6945
Cold,Severe,40.95,-95.9178
Rain,Light,28.2422,-80.608
Rain,Light,28.2422,-80.608
Rain,Light,28.2422,-80.608
Rain,Light,28.2422,-80.608
Rain,Light,28.2422,-80.608
Rain,Light,28.2422,-80.608
Snow,Light,41.3779,-79.8604
Snow,Light,41.3779,-79.8604
Snow,Light,41.3779,-79.8604
Snow,Light,41.3779,-79.8604
Rain,Light,30.4833,-86.5254
Cold,Severe,41.367,-91.1406
Cold,Severe,41.367,-91.1406
Cold,Severe,42.4536,-91.9476
Cold,Severe,42.4536,-91.9476
Rain,Light,32.01,-81.1457
Cold,Severe,42.5748,-99.9983
Snow,Light,42.5748,-99.9983
Snow,Light,42.5748,-99.9983
Snow,Light,42.5748,-99.9983
Snow,Light,42.5748,-99.9983
Snow,Light,42.5748,-99.9983
Snow,Light,36.6106,-83.7374
Snow,Light,36.6106,-83.7374
Snow,Light,36.6106,-83.7374
Rain,Light,25.995,-81.6725
Fog,Moderate,45.6928,-85.5662
Fog,Moderate,45.6928,-85.5662
Fog,Moderate,45.6928,-85.5662
Snow,Light,45.6928,-85.5662
Snow,Light,45.6928,-85.5662
Snow,Light,45.6928,-85.5662
Cold,Severe,44.5691,-72.018
Snow,Light,42.08,-80.1825
Snow,Light,42.08,-80.1825
Snow,Light,42.08,-80.1825
Fog,Moderate,42.08,-80.1825
Snow,Light,42.08,-80.1825
Fog,Moderate,42.08,-80.1825
Snow,Light,40.7081,-84.0214
Snow,Light,40.7081,-84.0214
Snow,Light,44.6252,-86.2008
Snow,Light,44.6252,-86.2008
Snow,Light,44.6252,-86.2008
Fog,Moderate,44.6252,-86.2008
Snow,Light,44.6252,-86.2008
Snow,Light,44.6252,-86.2008
Snow,Light,37.578,-84.77
Snow,Light,37.578,-84.77
Snow,Light,37.578,-84.77
Snow,Light,37.578,-84.77
Cold,Severe,43.1702,-88.725
Cold,Severe,43.1702,-88.725
Fog,Moderate,28.0997,-80.6356
Fog,Moderate,28.0997,-80.6356
Rain,Light,28.0997,-80.6356
Rain,Light,28.0997,-80.6356
Rain,Light,28.0997,-80.6356
Cold,Severe,40.6481,-86.1521
Cold,Severe,40.6481,-86.1521
Cold,Severe,40.6481,-86.1521
Fog,Moderate,37.7178,-122.2329
Snow,Light,40.2964,-78.32
Snow,Light,40.2964,-78.32
Snow,Light,40.2964,-78.32
Snow,Light,40.2964,-78.32
Cold,Severe,34.1469,-97.1225
Rain,Light,30.2129,-81.8707
Rain,Light,30.2129,-81.8707
Rain,Light,30.2129,-81.8707
Rain,Light,30.2129,-81.8707
Rain,Light,30.2129,-81.8707
Cold,Severe,43.7696,-88.4907
Snow,Light,41.0655,-86.1817
Snow,Light,30.4967,-97.9659
Cold,Severe,42.3984,-90.7091
Snow,Light,46.3111,-85.4572
Snow,Light,46.3111,-85.4572
Snow,Light,46.3111,-85.4572
Snow,Light,46.3111,-85.4572
Snow,Light,46.3111,-85.4572
Snow,Light,46.3111,-85.4572
Snow,Light,46.3111,-85.4572
Snow,Light,46.3111,-85.4572
Snow,Light,46.3111,-85.4572
Snow,Light,46.3111,-85.4572
Fog,Moderate,46.3111,-85.4572
Snow,Light,46.3111,-85.4572
Cold,Severe,45.4436,-98.4138
Rain,Light,27.2663,-80.8487
Rain,Light,27.2663,-80.8487
Rain,Light,29.3842,-98.5811
Cold,Severe,29.3842,-98.5811
Cold,Severe,45.5643,-93.60799999999999
Cold,Severe,39.774,-90.2419
Cold,Severe,39.8233,-93.5792
Snow,Light,40.3149,-78.8307
Snow,Light,40.3149,-78.8307
Snow,Light,40.3149,-78.8307
Fog,Severe,40.3149,-78.8307
Fog,Moderate,40.3149,-78.8307
Rain,Light,27.6556,-80.4179
Rain,Light,27.6556,-80.4179
Cold,Severe,45.4935,-90.9985
Cold,Severe,44.5359,-72.6162
Snow,Light,44.5359,-72.6162
Cold,Severe,44.5359,-72.6162
Rain,Light,34.2719,-83.8303
Snow,Light,34.2719,-83.8303
Cold,Severe,45.5464,-100.4078
Snow,Light,44.739,-85.5679
Fog,Moderate,44.739,-85.5679
Snow,Light,44.739,-85.5679
Cold,Severe,41.196000000000005,-96.1123
Cold,Severe,41.196000000000005,-96.1123
Cold,Severe,41.196000000000005,-96.1123
Rain,Light,31.5365,-84.1957
Snow,Light,39.5599,-104.8484
Cold,Severe,44.7792,-95.0303
Rain,Light,29.1637,-82.221
Rain,Moderate,29.1637,-82.221
Rain,Light,29.1637,-82.221
Rain,Light,29.1637,-82.221
Cold,Severe,41.6134,-90.5948
Cold,Severe,41.6134,-90.5948
Cold,Severe,43.3421,-72.5213
Cold,Severe,43.3421,-72.5213
Snow,Light,40.1611,-105.1604
Snow,Light,40.1611,-105.1604
Fog,Moderate,40.1611,-105.1604
Cold,Severe,41.0687,-87.8537
Cold,Severe,41.4365,-99.6385
Cold,Severe,41.4365,-99.6385
Snow,Light,41.4365,-99.6385
Fog,Severe,38.2132,-122.2807
Fog,Severe,38.2132,-122.2807
Fog,Severe,38.2132,-122.2807
Fog,Severe,38.2132,-122.2807
Fog,Moderate,38.2132,-122.2807
Cold,Severe,42.5972,-95.2399
Fog,Moderate,42.8374,-103.0981
Cold,Severe,40.9233,-88.6213
Cold,Severe,40.9233,-88.6213
Snow,Light,40.9233,-88.6213
Snow,Light,40.9233,-88.6213
Snow,Light,40.9233,-88.6213
Cold,Severe,43.1561,-90.6775
Snow,Light,44.9867,-85.2022
Snow,Light,44.9867,-85.2022
Fog,Moderate,40.5146,-122.2977
Snow,Light,34.2803,-87.6004
Cold,Severe,42.6213,-89.0419
Cold,Severe,42.6213,-89.0419
Fog,Severe,38.1418,-122.5546
Fog,Severe,38.1418,-122.5546
Fog,Severe,38.1418,-122.5546
Fog,Severe,38.1418,-122.5546
Cold,Severe,41.6878,-93.5694
Fog,Moderate,26.1554,-81.7746
Fog,Moderate,26.1554,-81.7746
Rain,Light,26.1554,-81.7746
Rain,Light,26.1554,-81.7746
Cold,Severe,40.684,-92.90100000000001
Fog,Moderate,40.0264,-82.4634
Fog,Moderate,40.0264,-82.4634
Fog,Severe,40.0264,-82.4634
Fog,Moderate,40.0264,-82.4634
Fog,Severe,40.0264,-82.4634
Fog,Moderate,40.0264,-82.4634
Fog,Moderate,40.0264,-82.4634
Fog,Moderate,40.0264,-82.4634
Snow,Light,40.0264,-82.4634
Fog,Moderate,40.0264,-82.4634
Snow,Light,34.6525,-86.9453
Cold,Severe,44.1191,-93.2569
Cold,Severe,41.4482,-90.5236
Fog,Moderate,43.5281,-84.0813
Snow,Light,43.5281,-84.0813
Cold,Severe,41.393,-70.6159
Cold,Severe,41.393,-70.6159
Cold,Severe,41.393,-70.6159
Snow,Light,43.6624,-84.2621
Snow,Light,43.6624,-84.2621
Cold,Severe,44.8742,-87.9096
Cold,Severe,42.2186,-92.0258
Snow,Light,39.7619,-101.7963
Fog,Severe,31.8331,-104.8098
Storm,Severe,31.8331,-104.8098
Fog,Severe,31.8331,-104.8098
Fog,Severe,31.8331,-104.8098
Fog,Severe,31.8331,-104.8098
Fog,Moderate,31.8331,-104.8098
Cold,Severe,43.4011,-94.7472
Fog,Moderate,38.5067,-121.49600000000001
Fog,Severe,44.9049,-123.001
Cold,Severe,41.0107,-95.2624
Cold,Severe,41.0107,-95.2624
Cold,Severe,41.0107,-95.2624
Cold,Severe,42.8975,-106.4731
Cold,Severe,42.8975,-106.4731
Fog,Severe,42.8975,-106.4731
Fog,Moderate,42.8975,-106.4731
Snow,Light,31.0858,-97.6865
Cold,Severe,47.1387,-104.8072
Cold,Severe,35.3786,-78.7336
Snow,Light,45.0717,-83.5644
Snow,Light,38.9439,-104.5684
Snow,Light,38.9439,-104.5684
Fog,Severe,42.8154,-108.7261
Snow,Light,42.8154,-108.7261
Fog,Severe,42.8154,-108.7261
Fog,Severe,42.8154,-108.7261
Fog,Severe,42.8154,-108.7261
Fog,Severe,42.8154,-108.7261
Fog,Severe,42.8154,-108.7261
Snow,Light,42.8154,-108.7261
Fog,Severe,42.8154,-108.7261
Fog,Severe,42.8154,-108.7261
Fog,Severe,42.8154,-108.7261
Snow,Light,42.8154,-108.7261
Snow,Light,42.8154,-108.7261
Fog,Severe,42.8154,-108.7261
Snow,Light,42.8154,-108.7261
Cold,Severe,44.4736,-93.0145
Rain,Light,27.9471,-81.7811
Rain,Light,27.9471,-81.7811
Cold,Severe,44.2507,-90.8553
Cold,Severe,44.2507,-90.8553
Cold,Severe,44.2507,-90.8553
Fog,Moderate,38.6676,-121.4006
Cold,Severe,44.4201,-72.0193
Cold,Severe,44.4201,-72.0193
Cold,Severe,42.8586,-100.5514
Fog,Moderate,42.8586,-100.5514
Snow,Light,45.6536,-84.5192
Snow,Light,45.6536,-84.5192
Fog,Moderate,45.6536,-84.5192
Snow,Light,45.6536,-84.5192
Fog,Moderate,45.6536,-84.5192
Snow,Light,45.6536,-84.5192
Fog,Moderate,45.6536,-84.5192
Snow,Light,45.6536,-84.5192
Fog,Severe,44.2559,-121.1406
Fog,Severe,44.2559,-121.1406
Fog,Severe,44.2559,-121.1406
Cold,Severe,42.8935,-73.2486
Cold,Severe,36.1753,-96.1518
Fog,Moderate,45.8663,-84.6344
Fog,Moderate,45.8663,-84.6344
Snow,Light,45.8663,-84.6344
Snow,Light,38.428000000000004,-105.1058
Snow,Light,38.428000000000004,-105.1058
Fog,Moderate,42.2617,-84.4615
Snow,Light,42.2617,-84.4615
Fog,Moderate,42.2617,-84.4615
Fog,Moderate,42.2617,-84.4615
Cold,Severe,42.193999999999996,-72.5348
Rain,Light,26.2285,-97.6544
Snow,Light,26.2285,-97.6544
Rain,Light,26.2285,-97.6544
Snow,Light,43.1111,-76.1038
Cold,Severe,43.1111,-76.1038
Cold,Severe,41.6234,-98.9488
Snow,Light,30.7873,-98.6608
Cold,Severe,40.8478,-96.7647
Cold,Severe,34.5666,-117.6704
Cold,Severe,39.8308,-88.8719
Fog,Severe,33.7963,-118.0418
Fog,Severe,33.7963,-118.0418
Fog,Severe,33.7963,-118.0418
Fog,Severe,33.7963,-118.0418
Fog,Severe,33.7963,-118.0418
Fog,Severe,33.7963,-118.0418
Fog,Moderate,33.7963,-118.0418
Snow,Light,41.9308,-85.0543
Snow,Light,41.9308,-85.0543
Snow,Light,41.9308,-85.0543
Snow,Light,41.9308,-85.0543
Snow,Light,41.9308,-85.0543
Snow,Light,41.9308,-85.0543
Fog,Severe,37.2848,-120.5139
Fog,Severe,37.2848,-120.5139
Fog,Severe,37.2848,-120.5139
Fog,Severe,37.2848,-120.5139
Fog,Severe,37.2848,-120.5139
Fog,Severe,37.2848,-120.5139
Fog,Moderate,37.2848,-120.5139
Cold,Severe,47.0492,-91.745
Snow,Light,46.1514,-89.2108
Snow,Light,46.1514,-89.2108
Fog,Moderate,46.1514,-89.2108
Fog,Moderate,46.1514,-89.2108
Fog,Moderate,46.1514,-89.2108
Cold,Severe,48.381,-102.898
Rain,Light,29.066999999999997,-81.2837
Rain,Light,29.066999999999997,-81.2837
Rain,Light,29.066999999999997,-81.2837
Fog,Severe,32.7339,-117.1845
Fog,Moderate,32.7339,-117.1845
Snow,Light,40.3315,-103.807
Snow,Light,40.3315,-103.807
Snow,Light,40.3315,-103.807
Fog,Moderate,46.9252,-103.9821
Cold,Severe,46.9252,-103.9821
Snow,Light,39.4279,-83.7921
Snow,Light,39.4279,-83.7921
Fog,Moderate,44.3853,-74.2062
Rain,Light,32.6453,-81.5971
Fog,Severe,45.621,-122.6542
Rain,Light,27.8493,-82.5212
Rain,Light,27.8493,-82.5212
Rain,Light,27.8493,-82.5212
Rain,Light,27.8493,-82.5212
Rain,Light,27.8493,-82.5212
Cold,Severe,45.3108,-92.6948
Snow,Light,36.9875,-82.53
Snow,Light,36.9875,-82.53
Snow,Light,36.9875,-82.53
Snow,Light,36.9875,-82.53
Snow,Light,36.9875,-82.53
Snow,Light,36.9875,-82.53
Snow,Light,36.9875,-82.53
Snow,Light,36.9875,-82.53
Snow,Light,36.9875,-82.53
Snow,Light,36.9875,-82.53
Snow,Light,36.9875,-82.53
Snow,Light,41.208999999999996,-81.2479
Snow,Light,41.208999999999996,-81.2479
Snow,Light,41.208999999999996,-81.2479
Fog,Moderate,41.208999999999996,-81.2479
Snow,Light,41.208999999999996,-81.2479
Fog,Moderate,41.208999999999996,-81.2479
Snow,Light,41.208999999999996,-81.2479
Cold,Severe,42.5902,-117.8646
Rain,Light,26.4338,-81.4014
Cold,Severe,43.2755,-91.7433
Rain,Light,30.4278,-86.6893
Rain,Light,30.4278,-86.6893
Snow,Light,30.4278,-86.6893
Snow,Light,41.9197,-84.5853
Snow,Light,41.9197,-84.5853
Snow,Light,41.9197,-84.5853
Snow,Light,41.9197,-84.5853
Snow,Light,41.9197,-84.5853
Snow,Light,41.9197,-84.5853
Fog,Severe,44.1246,-123.212
Cold,Severe,39.2972,-94.7306
Cold,Severe,42.6973,-73.1696
Fog,Moderate,30.3934,-86.4674
Cold,Severe,43.2111,-90.1873
Cold,Severe,41.1183,-95.9125
Cold,Severe,42.1933,-89.0933
Cold,Severe,40.0307,-86.2514
Snow,Light,30.1715,-96.9784
Rain,Light,29.5337,-98.4698
Hail,Other,29.5337,-98.4698
Cold,Severe,45.0002,-92.8549
Fog,Moderate,26.5849,-81.8615
Fog,Moderate,26.5849,-81.8615
Snow,Light,39.8466,-104.6562
Fog,Moderate,39.8466,-104.6562
Fog,Moderate,39.8466,-104.6562
Snow,Light,30.0292,-91.8845
Snow,Light,30.0292,-91.8845
Snow,Light,30.0292,-91.8845
Snow,Light,41.9855,-97.4351
Rain,Light,31.2589,-81.4661
Rain,Light,31.2589,-81.4661
Rain,Light,31.2589,-81.4661
Rain,Light,31.2589,-81.4661
Cold,Severe,41.3518,-89.1496
Rain,Light,32.1314,-81.2023
Rain,Light,32.1314,-81.2023
Snow,Light,30.8794,-96.9711
Cold,Severe,48.7838,-97.6296
Cold,Severe,40.0788,-95.59200000000001
Cold,Severe,40.8967,-97.6228
Cold,Severe,44.9839,-96.1788
Fog,Severe,44.095,-121.2
Fog,Severe,44.095,-121.2
Fog,Severe,44.095,-121.2
Rain,Light,29.0569,-80.9491
Snow,Light,41.8678,-84.0794
Fog,Moderate,41.8678,-84.0794
Snow,Light,41.8678,-84.0794
Cold,Severe,41.2984,-93.1114
Cold,Severe,42.224,-83.7397
Snow,Light,42.224,-83.7397
Snow,Light,42.224,-83.7397
Fog,Moderate,42.224,-83.7397
Snow,Light,40.204,-100.5904
Fog,Moderate,40.204,-100.5904
Snow,Light,41.5725,-86.7345
Snow,Light,41.5725,-86.7345
Fog,Moderate,41.5725,-86.7345
Snow,Light,39.001,-80.2712
Snow,Light,39.001,-80.2712
Snow,Light,39.001,-80.2712
Cold,Severe,44.5926,-92.4844
Rain,Light,28.804000000000002,-82.318
Rain,Light,28.804000000000002,-82.318
Rain,Light,28.804000000000002,-82.318
Rain,Light,28.804000000000002,-82.318
Rain,Light,28.804000000000002,-82.318
Snow,Light,46.3405,-87.3953
Snow,Light,46.3405,-87.3953
Snow,Light,46.3405,-87.3953
Fog,Moderate,46.3405,-87.3953
Snow,Light,46.3405,-87.3953
Snow,Light,46.3405,-87.3953
Snow,Light,35.6667,-75.9
Snow,Light,35.6667,-75.9
Fog,Severe,40.4518,-105.0113
Snow,Light,40.4518,-105.0113
Fog,Moderate,40.4518,-105.0113
Fog,Moderate,40.4518,-105.0113
Snow,Light,37.0513,-84.6168
Snow,Light,37.0513,-84.6168
Snow,Light,37.0513,-84.6168
Cold,Severe,45.1601,-93.846
Rain,Light,32.701,-80.003
Rain,Light,32.701,-80.003
Snow,Light,41.1195,-101.7697
Snow,Light,41.1195,-101.7697
Snow,Light,41.1195,-101.7697
Snow,Light,41.1195,-101.7697
Cold,Severe,46.7245,-92.0445
Fog,Moderate,42.6294,-83.9842
Snow,Light,42.6294,-83.9842
Fog,Moderate,42.6294,-83.9842
Fog,Severe,34.0235,-118.2912
Cold,Severe,34.0235,-118.2912
Fog,Severe,34.0235,-118.2912
Fog,Moderate,34.0235,-118.2912
Cold,Severe,46.4021,-94.1273
Cold,Severe,46.3809,-94.8066
Snow,Light,39.9012,-83.1369
Snow,Light,39.9012,-83.1369
Snow,Light,39.9012,-83.1369
Cold,Severe,39.6391,-90.7818
Cold,Severe,38.0431,-87.5203
Snow,Light,35.2322,-75.6225
Snow,Light,35.2322,-75.6225
Snow,Light,35.2322,-75.6225
Snow,Light,35.2322,-75.6225
Fog,Severe,46.1155,-122.8927
Fog,Severe,46.1155,-122.8927
Fog,Severe,46.1155,-122.8927
Fog,Severe,46.1155,-122.8927
Cold,Severe,45.6317,-89.4822
Rain,Light,26.4417,-98.1222
Rain,Light,26.4417,-98.1222
Rain,Light,26.4417,-98.1222
Rain,Light,26.4417,-98.1222
Rain,Light,26.4417,-98.1222
Rain,Light,26.4417,-98.1222
Rain,Light,26.4417,-98.1222
Snow,Light,26.4417,-98.1222
Rain,Light,26.4417,-98.1222
Rain,Light,26.4417,-98.1222
Snow,Light,40.0378,-105.2274
Snow,Light,40.0378,-105.2274
Snow,Light,40.0378,-105.2274
Snow,Light,40.0378,-105.2274
Fog,Moderate,40.0378,-105.2274
Snow,Light,43.4588,-83.4455
Snow,Light,43.4588,-83.4455
Snow,Light,30.5271,-98.3588
Snow,Light,30.5271,-98.3588
Cold,Severe,40.7729,-91.1254
Cold,Severe,43.3384,-73.6102
Fog,Severe,43.3384,-73.6102
Fog,Moderate,43.3384,-73.6102
Cold,Severe,43.3384,-73.6102
Cold,Severe,42.2204,-91.1604
Cold,Severe,40.6006,-98.4258
Rain,Light,28.4183,-81.3241
Rain,Light,28.3692,-97.7953
Rain,Light,28.3692,-97.7953
Cold,Severe,41.6031,-88.1016
Cold,Severe,41.7713,-88.4815
Snow,Light,44.6629,-104.5678
Snow,Light,46.68899999999999,-68.0448
Snow,Light,46.68899999999999,-68.0448
Rain,Light,33.3117,-79.3196
Snow,Light,41.6875,-69.9933
Fog,Severe,41.6875,-69.9933
Snow,Light,41.6875,-69.9933
Fog,Severe,41.6875,-69.9933
Snow,Light,41.6875,-69.9933
Rain,Light,25.9146,-97.4231
Rain,Light,25.9146,-97.4231
Fog,Moderate,34.021,-118.4471
Fog,Moderate,34.021,-118.4471
Fog,Moderate,45.2466,-122.7709
Fog,Moderate,45.2466,-122.7709
Fog,Moderate,32.8157,-117.1396
Fog,Severe,32.8157,-117.1396
Fog,Moderate,32.8157,-117.1396
Fog,Severe,32.8157,-117.1396
Fog,Moderate,32.8157,-117.1396
Fog,Severe,32.8157,-117.1396
Fog,Moderate,32.8157,-117.1396
Fog,Moderate,32.8157,-117.1396
Cold,Severe,42.5512,-94.1918
Snow,Light,37.9514,-79.8339
Cold,Severe,44.6799,-75.4642
Cold,Severe,44.6799,-75.4642
Fog,Moderate,44.6799,-75.4642
Snow,Light,44.6799,-75.4642
Cold,Severe,43.1544,-93.3261
Fog,Severe,42.79600000000001,-105.3804
Fog,Moderate,42.79600000000001,-105.3804
Fog,Moderate,42.79600000000001,-105.3804
Cold,Severe,38.9949,-79.1459
Cold,Severe,41.7014,-94.9205
Fog,Moderate,43.9888,-76.0262
Snow,Light,43.9888,-76.0262
Snow,Light,43.9888,-76.0262
Rain,Light,28.866,-82.5741
Rain,Light,28.866,-82.5741
Rain,Light,28.866,-82.5741
Rain,Light,28.866,-82.5741
Rain,Light,28.866,-82.5741
Snow,Light,32.3311,-102.5294
Snow,Light,32.3311,-102.5294
Snow,Light,32.3311,-102.5294
Cold,Severe,41.4148,-96.109
Cold,Severe,41.4148,-96.109
Fog,Severe,47.2765,-121.3382
Fog,Severe,47.2765,-121.3382
Fog,Severe,47.2765,-121.3382
Fog,Severe,47.2765,-121.3382
Cold,Severe,39.5351,-89.3294
Snow,Light,42.129,-86.4151
Fog,Severe,42.129,-86.4151
Snow,Light,42.129,-86.4151
Fog,Severe,42.129,-86.4151
Snow,Light,42.129,-86.4151
Snow,Light,42.129,-86.4151
Snow,Light,42.129,-86.4151
Snow,Light,42.129,-86.4151
Fog,Moderate,42.129,-86.4151
Snow,Light,42.129,-86.4151
Fog,Moderate,42.129,-86.4151
Snow,Light,42.129,-86.4151
Fog,Moderate,42.129,-86.4151
Snow,Light,42.129,-86.4151
Fog,Moderate,42.129,-86.4151
Snow,Light,42.129,-86.4151
Fog,Moderate,42.129,-86.4151
Snow,Light,42.129,-86.4151
Fog,Moderate,42.129,-86.4151
Snow,Light,42.129,-86.4151
Rain,Light,31.3213,-85.4496
Rain,Light,31.3213,-85.4496
Snow,Light,32.0365,-102.101
Rain,Light,30.3371,-81.5127
Rain,Light,30.3371,-81.5127
Rain,Light,30.3371,-81.5127
Cold,Severe,45.9264,-89.7307
Snow,Light,45.9264,-89.7307
Fog,Moderate,45.9264,-89.7307
Snow,Light,45.9264,-89.7307
Fog,Moderate,45.9264,-89.7307
Cold,Severe,37.086999999999996,-84.07700000000001
Snow,Light,42.312,-85.2414
Snow,Light,42.312,-85.2414
Snow,Light,42.312,-85.2414
Fog,Moderate,42.312,-85.2414
Snow,Light,42.312,-85.2414
Cold,Severe,40.4124,-86.9474
Snow,Light,41.7072,-86.3164
Snow,Light,41.7072,-86.3164
Fog,Severe,41.7072,-86.3164
Snow,Light,41.7072,-86.3164
Cold,Severe,38.3154,-76.5501
Snow,Light,34.6439,-86.7861
Fog,Moderate,41.7984,-78.6354
Snow,Light,41.7984,-78.6354
Fog,Moderate,41.7984,-78.6354
Cold,Severe,41.7984,-78.6354
Snow,Light,41.7984,-78.6354
Cold,Severe,41.7984,-78.6354
Fog,Severe,41.7984,-78.6354
Snow,Light,41.7984,-78.6354
Snow,Light,41.7984,-78.6354
Snow,Light,41.7984,-78.6354
Fog,Moderate,41.7984,-78.6354
Snow,Light,41.7984,-78.6354
Fog,Severe,41.7984,-78.6354
Snow,Light,41.7984,-78.6354
Fog,Severe,41.7984,-78.6354
Fog,Moderate,41.7984,-78.6354
Snow,Light,41.7984,-78.6354
Snow,Light,41.0254,-80.4134
Snow,Light,41.0254,-80.4134
Snow,Light,41.0254,-80.4134
Snow,Light,41.0254,-80.4134
Rain,Light,27.7734,-97.51299999999999
Rain,Light,27.7734,-97.51299999999999
Fog,Severe,35.6694,-120.6291
Fog,Severe,35.6694,-120.6291
Fog,Severe,35.6694,-120.6291
Cold,Severe,40.711,-86.375
Cold,Severe,40.711,-86.375
Rain,Light,32.4122,-80.6344
Fog,Moderate,32.4122,-80.6344
Fog,Moderate,32.4122,-80.6344
Fog,Moderate,32.4122,-80.6344
Fog,Moderate,32.4122,-80.6344
Fog,Moderate,32.4122,-80.6344
Fog,Moderate,32.4122,-80.6344
Fog,Moderate,41.5651,-81.4864
Snow,Light,41.5651,-81.4864
Snow,Light,41.5651,-81.4864
Fog,Moderate,27.9889,-82.0186
Rain,Light,27.9889,-82.0186
Rain,Light,32.4831,-81.7372
Rain,Light,32.6091,-82.3699
Cold,Severe,40.727,-99.0068
Cold,Severe,40.727,-99.0068
Cold,Severe,40.727,-99.0068
Snow,Light,40.727,-99.0068
Fog,Severe,33.2194,-117.3494
Fog,Severe,33.2194,-117.3494
Fog,Severe,33.2194,-117.3494
Fog,Moderate,33.2194,-117.3494
Fog,Moderate,44.3591,-84.6739
Snow,Light,44.3591,-84.6739
Fog,Moderate,44.3591,-84.6739
Snow,Light,44.3591,-84.6739
Snow,Light,41.3461,-82.1794
Snow,Light,41.3461,-82.1794
Fog,Moderate,41.3461,-82.1794
Snow,Light,41.3461,-82.1794
Snow,Light,41.3461,-82.1794
Snow,Light,38.0575,-83.9829
Snow,Light,38.0575,-83.9829
Snow,Light,38.0575,-83.9829
Fog,Severe,43.467,-108.238
Fog,Severe,43.467,-108.238
Fog,Severe,43.467,-108.238
Fog,Severe,43.467,-108.238
Snow,Light,40.7769,-79.9497
Snow,Light,40.7769,-79.9497
Snow,Light,40.7769,-79.9497
Snow,Light,40.7769,-79.9497
Fog,Severe,35.2368,-120.64200000000001
Fog,Severe,33.1283,-117.2801
Cold,Severe,46.4163,-92.8049
Fog,Severe,43.0622,-108.447
Fog,Severe,43.0622,-108.447
Fog,Severe,43.0622,-108.447
Snow,Light,43.0622,-108.447
Fog,Severe,43.0622,-108.447
Snow,Light,43.0622,-108.447
Snow,Light,43.0622,-108.447
Snow,Light,43.0622,-108.447
Snow,Light,43.0622,-108.447
Cold,Severe,41.9338,-88.7066
Cold,Severe,44.016000000000005,-97.086
Cold,Severe,44.016000000000005,-97.086
Fog,Severe,41.9597,-85.5934
Fog,Moderate,41.9597,-85.5934
Snow,Light,41.9597,-85.5934
Snow,Light,41.9597,-85.5934
Snow,Light,41.9597,-85.5934
Fog,Moderate,41.9597,-85.5934
Snow,Light,41.9597,-85.5934
Snow,Light,41.9597,-85.5934
Cold,Severe,39.6982,-87.6669
Snow,Light,42.7762,-84.5997
Snow,Light,42.7762,-84.5997
Snow,Light,42.7762,-84.5997
Snow,Light,42.7762,-84.5997
Snow,Light,44.4682,-73.1498
Fog,Moderate,44.4682,-73.1498
Cold,Severe,44.4682,-73.1498
Snow,Light,44.4682,-73.1498
Snow,Light,38.9146,-82.0986
Snow,Light,38.9146,-82.0986
Snow,Light,38.9146,-82.0986
Snow,Light,38.9146,-82.0986
Cold,Severe,40.4899,-85.6797
Cold,Severe,40.4899,-85.6797
Cold,Severe,44.0601,-69.0993
Cold,Severe,44.0601,-69.0993
Cold,Severe,41.6394,-91.5445
Fog,Severe,35.4344,-119.0542
Fog,Moderate,35.4344,-119.0542
Fog,Severe,33.6798,-117.8674
Fog,Severe,33.6798,-117.8674
Fog,Moderate,33.6798,-117.8674
Cold,Severe,43.0425,-88.2461
Snow,Light,42.4932,-79.2762
Snow,Light,42.4932,-79.2762
Fog,Moderate,42.4932,-79.2762
Cold,Severe,40.5282,-86.059
Fog,Moderate,38.365,-82.555
Snow,Light,38.365,-82.555
Fog,Moderate,38.365,-82.555
Snow,Light,38.365,-82.555
Fog,Moderate,40.6163,-83.0635
Fog,Severe,40.6163,-83.0635
Rain,Light,27.4981,-80.3767
Cold,Severe,36.1802,-94.1175
Rain,Light,27.5437,-99.4616
Rain,Light,27.5437,-99.4616
Snow,Light,27.5437,-99.4616
Snow,Light,38.9697,-104.8131
Snow,Light,38.9697,-104.8131
Snow,Light,38.9697,-104.8131
Rain,Light,30.0644,-85.5637
Rain,Light,30.0644,-85.5637
Fog,Severe,24.5571,-81.7554
Fog,Severe,24.5571,-81.7554
Fog,Severe,24.5571,-81.7554
Fog,Moderate,24.5571,-81.7554
Fog,Severe,24.5571,-81.7554
Fog,Moderate,24.5571,-81.7554
Fog,Severe,24.5571,-81.7554
Fog,Moderate,24.5571,-81.7554
Fog,Moderate,24.5571,-81.7554
Fog,Severe,24.5571,-81.7554
Fog,Severe,24.5571,-81.7554
Fog,Severe,24.5571,-81.7554
Fog,Severe,24.5571,-81.7554
Snow,Light,42.94,-78.736
Cold,Severe,46.2187,-97.6435
Snow,Light,42.5926,-76.2149
Snow,Light,42.5926,-76.2149
Snow,Light,42.5926,-76.2149
Snow,Light,42.5926,-76.2149
Rain,Light,30.6268,-88.0681
Cold,Severe,35.6681,-95.9486
Snow,Light,40.1365,-80.2902
Snow,Light,40.1365,-80.2902
Cold,Severe,41.828,-94.1598
Cold,Severe,42.4372,-93.8724
Fog,Moderate,34.1997,-118.3654
Fog,Moderate,34.1997,-118.3654
Fog,Moderate,34.1997,-118.3654
Snow,Light,34.6787,-86.6848
Snow,Light,34.6787,-86.6848
Snow,Light,34.915,-88.6035
Snow,Light,34.915,-88.6035
Cold,Severe,47.6458,-101.4394
Fog,Severe,47.1377,-122.4765
Fog,Severe,47.1377,-122.4765
Fog,Severe,47.1377,-122.4765
Rain,Light,47.1377,-122.4765
Rain,Light,47.1377,-122.4765
Rain,Light,47.1377,-122.4765
Fog,Severe,47.1377,-122.4765
Fog,Severe,47.1377,-122.4765
Rain,Light,47.1377,-122.4765
Fog,Severe,47.1377,-122.4765
Rain,Light,47.1377,-122.4765
Rain,Light,47.1377,-122.4765
Cold,Severe,40.6065,-95.8635
Cold,Severe,40.6065,-95.8635
Cold,Severe,42.7748,-96.1924
Hail,Other,29.3665,-100.7847
Rain,Light,28.0614,-81.7568
Rain,Light,28.0614,-81.7568
Rain,Light,28.0614,-81.7568
Rain,Light,28.0614,-81.7568
Cold,Severe,43.2338,-75.407
Snow,Light,43.2338,-75.407
Cold,Severe,42.6909,-88.30799999999999
Fog,Moderate,37.89,-121.2264
Fog,Severe,37.89,-121.2264
Fog,Moderate,37.89,-121.2264
Fog,Moderate,29.3594,-99.1742
Fog,Moderate,37.4611,-122.1151
Cold,Severe,46.8435,-92.1866
Fog,Moderate,37.6255,-120.9549
Cold,Severe,40.7533,-95.4112
Cold,Severe,44.7871,-88.564
Cold,Severe,43.8854,-104.3179
Snow,Light,43.8854,-104.3179
Snow,Light,43.8854,-104.3179
Snow,Light,43.8854,-104.3179
Snow,Light,43.8854,-104.3179
Cold,Severe,39.9371,-91.1966
Rain,Light,32.4774,-80.7232
Fog,Moderate,33.9382,-118.3865
Cold,Severe,43.5237,-89.7734
Cold,Severe,40.0966,-92.54700000000001
Snow,Light,43.6229,-84.743
Snow,Light,43.6229,-84.743
Snow,Light,42.2413,-78.3714
Snow,Light,42.2413,-78.3714
Snow,Light,42.2413,-78.3714
Cold,Severe,41.0189,-94.361
Snow,Light,41.6258,-80.2123
Snow,Light,41.6258,-80.2123
Snow,Light,41.6258,-80.2123
Fog,Severe,41.6258,-80.2123
Snow,Light,41.6258,-80.2123
Fog,Severe,41.6258,-80.2123
Snow,Light,41.6258,-80.2123
Fog,Severe,41.6258,-80.2123
Snow,Light,41.6258,-80.2123
Rain,Light,31.346,-85.6543
Snow,Light,37.1373,-80.6785
Fog,Moderate,41.5631,-83.4764
Fog,Moderate,41.5631,-83.4764
Snow,Light,41.5631,-83.4764
Fog,Moderate,41.5631,-83.4764
Snow,Light,41.5631,-83.4764
Fog,Moderate,41.5631,-83.4764
Cold,Severe,34.2257,-99.2837
Cold,Severe,34.2257,-99.2837
Cold,Severe,34.2257,-99.2837
Cold,Severe,44.6509,-73.4681
Cold,Severe,44.6509,-73.4681
Snow,Light,44.6509,-73.4681
Cold,Severe,44.6509,-73.4681
Snow,Light,42.2068,-75.9799
Snow,Light,42.2068,-75.9799
Snow,Light,33.6637,-101.8206
Cold,Severe,43.8792,-91.25299999999999
Snow,Light,41.8153,-85.4376
Snow,Light,41.8153,-85.4376
Snow,Light,41.8153,-85.4376
Snow,Light,41.8153,-85.4376
Snow,Light,41.8153,-85.4376
Snow,Light,41.8153,-85.4376
Cold,Severe,43.5769,-96.7536
Cold,Severe,48.251999999999995,-101.2689
Rain,Light,30.0719,-83.5736
Rain,Light,30.0719,-83.5736
Rain,Light,30.0719,-83.5736
Snow,Light,41.2747,-85.8401
Snow,Light,41.2747,-85.8401
Snow,Light,41.2747,-85.8401
Snow,Light,41.2747,-85.8401
Cold,Severe,41.7302,-98.0545
Snow,Light,42.2524,-84.9525
Snow,Light,42.2524,-84.9525
Snow,Light,42.2524,-84.9525
Fog,Moderate,42.2524,-84.9525
Snow,Light,42.2524,-84.9525
Snow,Light,42.2524,-84.9525
Snow,Light,42.2524,-84.9525
Fog,Severe,43.9654,-107.9502
Fog,Severe,43.9654,-107.9502
Fog,Severe,46.9733,-122.9033
Fog,Severe,46.9733,-122.9033
Fog,Severe,46.9733,-122.9033
Fog,Severe,46.9733,-122.9033
Fog,Severe,46.9733,-122.9033
Snow,Light,30.3925,-97.5621
Rain,Light,30.3925,-97.5621
Fog,Severe,39.1278,-123.2001
Rain,Light,39.1278,-123.2001
Snow,Light,40.2759,-79.4048
Rain,Light,28.2924,-81.4372
Rain,Light,28.2924,-81.4372
Cold,Severe,47.5928,-95.7735
Snow,Light,31.7784,-95.7047
Snow,Light,42.5658,-84.4232
Snow,Light,42.5658,-84.4232
Snow,Light,42.5658,-84.4232
Snow,Light,42.5658,-84.4232
Fog,Moderate,42.5658,-84.4232
Snow,Light,42.5658,-84.4232
Cold,Severe,44.3852,-98.2286
Cold,Severe,46.5468,-90.9184
Snow,Light,40.2797,-83.1148
Snow,Light,40.2797,-83.1148
Snow,Light,40.2797,-83.1148
Snow,Light,40.2797,-83.1148
Snow,Light,40.2797,-83.1148
Cold,Severe,29.5297,-98.2789
Hail,Other,29.5297,-98.2789
Hail,Other,29.5297,-98.2789
Snow,Light,40.3552,-79.9214
Snow,Light,40.3552,-79.9214
Cold,Severe,41.883,-91.7246
Cold,Severe,48.1739,-103.6367
Cold,Severe,48.1739,-103.6367
Cold,Severe,48.1739,-103.6367
Cold,Severe,48.1739,-103.6367
Snow,Light,41.1219,-100.6683
Snow,Light,35.0564,-89.9863
Snow,Light,41.1382,-75.3797
Snow,Light,41.1382,-75.3797
Rain,Light,37.2863,-107.056
Snow,Light,33.6301,-84.4418
Cold,Severe,44.5333,-69.6755
Cold,Severe,45.1476,-92.5335
Fog,Severe,46.3476,-104.2594
Fog,Severe,46.3476,-104.2594
Fog,Moderate,46.3476,-104.2594
Fog,Moderate,28.0013,-82.1593
Rain,Light,28.0013,-82.1593
Cold,Severe,41.448,-97.3426
Fog,Moderate,32.5723,-116.9802
Fog,Severe,32.5723,-116.9802
Fog,Severe,32.5723,-116.9802
Fog,Moderate,32.5723,-116.9802
Cold,Severe,42.0444,-94.7889
Cold,Severe,44.3227,-94.5024
Snow,Light,45.0166,-84.6894
Fog,Severe,45.0166,-84.6894
Fog,Moderate,45.0166,-84.6894
Fog,Severe,45.0166,-84.6894
Fog,Moderate,45.0166,-84.6894
Snow,Light,45.0166,-84.6894
Cold,Severe,40.4521,-99.3365
Snow,Light,40.4521,-99.3365
Snow,Light,40.4521,-99.3365
Rain,Light,29.6334,-83.1054
Rain,Light,29.6334,-83.1054
Rain,Light,29.6334,-83.1054
Rain,Light,29.6334,-83.1054
Rain,Moderate,29.6334,-83.1054
Rain,Light,29.6334,-83.1054
Rain,Light,29.6334,-83.1054
Rain,Light,29.6334,-83.1054
Rain,Light,29.6334,-83.1054
Rain,Light,29.6334,-83.1054
Snow,Light,44.2035,-72.5623
Fog,Moderate,44.2035,-72.5623
Fog,Severe,44.2035,-72.5623
Cold,Severe,44.2035,-72.5623
Cold,Severe,44.2035,-72.5623
Snow,Light,40.5103,-101.6201
Fog,Moderate,37.6589,-122.1211
Fog,Moderate,37.6589,-122.1211
Fog,Moderate,37.6589,-122.1211
Fog,Moderate,33.0375,-116.9158
Fog,Moderate,33.0375,-116.9158
Fog,Moderate,33.0375,-116.9158
Fog,Moderate,41.5163,-82.8695
Snow,Light,39.2119,-82.2293
Snow,Light,39.2119,-82.2293
Cold,Severe,39.2119,-82.2293
Cold,Severe,47.7069,-104.1926
Cold,Severe,44.9412,-73.0997
Cold,Severe,44.9412,-73.0997
Cold,Severe,44.9412,-73.0997
Cold,Severe,44.9412,-73.0997
Snow,Light,30.3207,-97.7601
Cold,Severe,40.9467,-91.5111
Cold,Severe,41.2406,-96.5946
Cold,Severe,41.2406,-96.5946
Fog,Moderate,45.9746,-86.1718
Fog,Moderate,45.9746,-86.1718
Cold,Severe,44.3342,-89.0202
Snow,Light,37.0318,-85.9537
Snow,Light,46.2532,-84.4771
Fog,Severe,46.2532,-84.4771
Snow,Light,46.2532,-84.4771
Fog,Severe,46.2532,-84.4771
Snow,Light,46.2532,-84.4771
Fog,Severe,46.2532,-84.4771
Fog,Moderate,46.2532,-84.4771
Snow,Light,46.2532,-84.4771
Fog,Moderate,47.4447,-122.3144
Snow,Light,40.8203,-82.5178
Fog,Moderate,40.8203,-82.5178
Fog,Moderate,40.8203,-82.5178
Snow,Light,40.8203,-82.5178
Cold,Severe,46.8404,-96.6544
Snow,Light,30.9119,-102.9167
Snow,Light,42.6632,-83.4101
Cold,Severe,40.5176,-90.6481
Cold,Severe,44.2595,-88.5157
Cold,Severe,44.4804,-103.788
Cold,Severe,44.4804,-103.788
Cold,Severe,44.4804,-103.788
Cold,Severe,44.4804,-103.788
Cold,Severe,44.4804,-103.788
Cold,Severe,44.4804,-103.788
Snow,Light,42.9931,-84.1389
Snow,Light,42.9931,-84.1389
Cold,Severe,40.3013,-96.7541
Cold,Severe,40.3013,-96.7541
Cold,Severe,40.3013,-96.7541
Fog,Moderate,33.3013,-117.3551
Fog,Severe,33.3013,-117.3551
Fog,Severe,33.3013,-117.3551
Fog,Severe,33.3013,-117.3551
Cold,Severe,41.9619,-100.5689
Cold,Severe,41.9619,-100.5689
Fog,Moderate,41.9619,-100.5689
Snow,Light,41.9619,-100.5689
Snow,Light,41.9619,-100.5689
Cold,Severe,44.3592,-89.8369
Rain,Light,26.1758,-98.2386
Cold,Severe,40.6615,-91.3267
Cold,Severe,43.0194,-91.1211
Cold,Severe,42.2419,-96.9814
Snow,Light,40.5716,-102.2768
Snow,Light,40.5716,-102.2768
Snow,Light,40.3268,-82.5201
Snow,Light,40.3268,-82.5201
Rain,Light,27.7685,-82.6256
Rain,Light,27.7685,-82.6256
Rain,Light,27.7685,-82.6256
Rain,Light,27.7685,-82.6256
Fog,Severe,36.78,-119.7194
Fog,Severe,36.78,-119.7194
Fog,Moderate,36.78,-119.7194
Cold,Severe,43.4285,-88.7017
Snow,Light,42.4908,-76.4583
Snow,Light,42.4908,-76.4583
Fog,Moderate,39.2966,-80.2281
Fog,Moderate,39.2966,-80.2281
Snow,Light,39.2966,-80.2281
Cold,Severe,44.6381,-90.1875
Snow,Light,39.7852,-104.5431
Snow,Light,39.7852,-104.5431
Snow,Light,39.7852,-104.5431
Fog,Moderate,39.7852,-104.5431
Fog,Severe,40.8193,-76.8658
Cold,Severe,44.9047,-97.1494
Cold,Severe,42.8984,-72.2708
Cold,Severe,42.8984,-72.2708
Cold,Severe,42.8984,-72.2708
Cold,Severe,41.3119,-95.9018
Cold,Severe,40.2895,-88.1473
Rain,Light,32.2244,-80.6975
Rain,Light,32.2244,-80.6975
Rain,Light,32.2244,-80.6975
Rain,Light,32.2244,-80.6975
Fog,Moderate,36.0296,-119.0627
Fog,Severe,36.0296,-119.0627
Fog,Moderate,36.0296,-119.0627
Cold,Severe,39.8453,-89.684
Snow,Light,40.8534,-77.8401
Snow,Light,40.8534,-77.8401
Snow,Light,35.919000000000004,-75.6955
Snow,Light,35.919000000000004,-75.6955
Snow,Light,35.919000000000004,-75.6955
Cold,Severe,44.8936,-91.8665
Cold,Severe,44.8936,-91.8665
Fog,Severe,42.375,-122.87700000000001
Rain,Light,28.4676,-80.5666
Rain,Light,28.4676,-80.5666
Rain,Moderate,28.4676,-80.5666
Rain,Light,28.4676,-80.5666
Rain,Light,28.4676,-80.5666
Rain,Light,28.4676,-80.5666
Rain,Light,28.4676,-80.5666
Rain,Light,28.4676,-80.5666
Rain,Light,28.4676,-80.5666
Rain,Light,28.4676,-80.5666
Rain,Light,28.4676,-80.5666
Rain,Light,28.4676,-80.5666
Cold,Severe,45.1566,-89.1114
Snow,Light,37.9071,-85.9721
Snow,Light,37.9071,-85.9721
Fog,Moderate,27.6926,-97.2911
Cold,Severe,43.7331,-103.6114
Snow,Light,41.672,-70.2697
Cold,Severe,33.3078,-111.6555
Snow,Light,34.295,-103.786
Snow,Light,39.8138,-82.9278
Fog,Moderate,45.5958,-122.6092
Fog,Severe,45.5958,-122.6092
Snow,Light,29.8958,-97.8664
Cold,Severe,47.7453,-90.3457
Snow,Light,41.6101,-84.1272
Snow,Light,41.6101,-84.1272
Snow,Light,41.6101,-84.1272
Snow,Light,41.6101,-84.1272
Snow,Light,41.6101,-84.1272
Fog,Moderate,41.6101,-84.1272
Snow,Light,41.6101,-84.1272
Snow,Light,46.5275,-90.1314
Cold,Severe,46.5275,-90.1314
Fog,Moderate,46.5275,-90.1314
Cold,Severe,41.9842,-95.38
Cold,Severe,45.8069,-108.5422
Snow,Light,43.1167,-77.6767
Snow,Light,43.1167,-77.6767
Rain,Light,28.5148,-80.7992
Rain,Light,28.5148,-80.7992
Cold,Severe,41.4059,-95.0465
Snow,Light,41.7033,-86.8212
Snow,Light,41.7033,-86.8212
Snow,Light,41.7033,-86.8212
Fog,Moderate,41.7033,-86.8212
Snow,Light,41.7033,-86.8212
Fog,Moderate,41.7033,-86.8212
Snow,Light,41.7033,-86.8212
Rain,Light,30.1838,-82.5684
Rain,Light,30.1838,-82.5684
Cold,Severe,40.8941,-97.9946
Cold,Severe,40.8941,-97.9946
Cold,Severe,41.3989,-92.9431
Storm,Severe,38.4844,-106.3169
Storm,Severe,38.4844,-106.3169
Storm,Severe,38.4844,-106.3169
Storm,Severe,38.4844,-106.3169
Storm,Severe,38.4844,-106.3169
Storm,Severe,38.4844,-106.3169
Storm,Severe,38.4844,-106.3169
Storm,Severe,38.4844,-106.3169
Snow,Light,32.6753,-102.6527
Rain,Light,29.3009,-81.111
Cold,Severe,46.0303,-91.4426
Cold,Severe,43.1683,-95.2101
Cold,Severe,43.964,-69.7108
Snow,Light,34.6811,-90.3467
Cold,Severe,40.2031,-87.5897
Snow,Light,36.009,-86.5201
Fog,Moderate,37.6928,-121.8144
Fog,Moderate,37.6928,-121.8144
Fog,Moderate,33.872,-117.9798
Fog,Moderate,33.872,-117.9798
Snow,Light,33.9154,-84.5163
Snow,Light,33.9154,-84.5163
Snow,Light,33.9154,-84.5163
Snow,Light,33.9154,-84.5163
Fog,Moderate,28.7797,-81.2436
Fog,Moderate,28.7797,-81.2436
Rain,Light,28.7797,-81.2436
Rain,Light,28.7797,-81.2436
Fog,Moderate,44.8888,-72.2292
Cold,Severe,44.8888,-72.2292
Cold,Severe,44.8888,-72.2292
Cold,Severe,44.8888,-72.2292
Cold,Severe,41.7432,-89.6655
Cold,Severe,45.4646,-69.5538
Fog,Moderate,42.6439,-77.053
Snow,Light,42.6439,-77.053
Fog,Moderate,42.6439,-77.053
Snow,Light,42.6439,-77.053
Fog,Severe,36.8933,-121.4103
Cold,Severe,45.6963,-92.9542
Cold,Severe,45.6963,-92.9542
Cold,Severe,46.768,-100.89399999999999
Cold,Severe,42.7317,-95.5558
Snow,Light,42.7461,-86.0967
Snow,Light,42.7461,-86.0967
Cold,Severe,45.2353,-93.9896
Fog,Moderate,33.9228,-118.3352
Rain,Light,33.9228,-118.3352
Fog,Moderate,33.9228,-118.3352
Snow,Light,43.9625,-86.4079
Rain,Light,30.2347,-81.6746
Rain,Light,30.2347,-81.6746
Snow,Light,30.2347,-81.6746
Snow,Light,30.2347,-81.6746
Fog,Moderate,33.8285,-79.1222
Cold,Severe,42.6196,-89.5931
Cold,Severe,42.47,-98.68799999999999
Cold,Severe,44.8322,-93.4705
Fog,Severe,46.7438,-117.1158
Snow,Light,46.7438,-117.1158
Fog,Severe,46.7438,-117.1158
Snow,Light,46.7438,-117.1158
Fog,Moderate,37.5119,-122.2483
Fog,Moderate,37.5119,-122.2483
Cold,Severe,45.468,-89.8096
Fog,Moderate,32.825,-115.6606
Cold,Severe,43.3939,-70.708
Cold,Severe,43.3939,-70.708
Cold,Severe,41.8965,-88.2512
Rain,Light,29.6917,-82.27600000000001
Snow,Light,29.6917,-82.27600000000001
Rain,Light,29.6917,-82.27600000000001
Rain,Light,29.6917,-82.27600000000001
Cold,Severe,47.7912,-99.9317
Snow,Light,34.4227,-103.0802
Snow,Light,34.4227,-103.0802
Snow,Light,34.4227,-103.0802
Fog,Moderate,43.4319,-83.8648
Cold,Severe,42.6909,-90.4412
Cold,Severe,43.6271,-72.3054
Cold,Severe,43.6271,-72.3054
Rain,Light,30.3935,-84.3513
Snow,Light,30.3707,-104.0118
Snow,Light,30.3707,-104.0118
Snow,Light,30.3707,-104.0118
Snow,Light,30.3707,-104.0118
Snow,Light,39.9008,-105.1042
Snow,Light,39.9008,-105.1042
Snow,Light,39.9008,-105.1042
Fog,Moderate,39.9008,-105.1042
Fog,Moderate,39.9008,-105.1042
Fog,Moderate,37.6196,-122.3656
Fog,Severe,44.4971,-123.2895
Fog,Severe,44.4971,-123.2895
Fog,Severe,44.4971,-123.2895
Rain,Light,30.1945,-97.6699
Snow,Light,30.1945,-97.6699
Rain,Light,30.1945,-97.6699
Snow,Light,41.4057,-81.8519
Snow,Light,41.4057,-81.8519
Cold,Severe,44.0435,-89.304
Cold,Severe,47.29,-101.581
Cold,Severe,47.29,-101.581
Snow,Light,40.9725,-85.2064
Snow,Light,40.9725,-85.2064
Rain,Light,28.8214,-81.8096
Rain,Light,28.8214,-81.8096
Rain,Light,28.8214,-81.8096
Rain,Light,28.8214,-81.8096
Fog,Moderate,33.8977,-117.6024
Fog,Severe,33.8977,-117.6024
Rain,Light,33.8977,-117.6024
Rain,Light,33.8977,-117.6024
Fog,Severe,33.8977,-117.6024
Rain,Light,33.8977,-117.6024
Fog,Severe,33.8977,-117.6024
Rain,Light,33.8977,-117.6024
Fog,Severe,33.8977,-117.6024
Fog,Moderate,33.8977,-117.6024
Snow,Light,42.0744,-70.2182
Cold,Severe,45.9309,-89.26700000000001
Cold,Severe,45.9309,-89.26700000000001
Cold,Severe,45.9309,-89.26700000000001
Cold,Severe,45.9309,-89.26700000000001
Rain,Light,29.2113,-99.7436
Rain,Light,28.9562,-98.5184
Rain,Light,28.9562,-98.5184
Cold,Severe,41.8906,-89.0817
Cold,Severe,41.8906,-89.0817
Fog,Moderate,34.9994,-77.98
Fog,Moderate,34.9994,-77.98
Snow,Light,34.7326,-76.6566
Snow,Light,45.4256,-84.9133
Snow,Light,45.4256,-84.9133
Snow,Light,45.4256,-84.9133
Snow,Light,45.4256,-84.9133
Snow,Light,45.4256,-84.9133
Fog,Moderate,45.4256,-84.9133
Snow,Light,45.4256,-84.9133
Fog,Moderate,45.4256,-84.9133
Snow,Light,45.4256,-84.9133
Snow,Light,45.4256,-84.9133
Snow,Light,45.4256,-84.9133
Snow,Light,45.4256,-84.9133
Fog,Moderate,47.5076,-94.9278
Cold,Severe,44.9276,-89.6251
Cold,Severe,44.3659,-71.5522
Snow,Light,30.735,-101.20299999999999
Snow,Light,30.735,-101.20299999999999
Snow,Light,30.735,-101.20299999999999
Snow,Light,30.735,-101.20299999999999
Cold,Severe,44.6153,-88.7313
Cold,Severe,43.5814,-90.8997
Cold,Severe,44.0485,-70.2835
Cold,Severe,44.0485,-70.2835
Rain,Light,27.4014,-82.5586
Rain,Light,27.4014,-82.5586
Snow,Light,42.3508,-86.2561
Snow,Light,42.3508,-86.2561
Snow,Light,42.3508,-86.2561
Snow,Light,42.3508,-86.2561
Snow,Light,42.3508,-86.2561
Fog,Severe,25.6423,-80.4347
Fog,Severe,25.6423,-80.4347
Fog,Severe,25.6423,-80.4347
Fog,Severe,25.6423,-80.4347
Rain,Light,25.6423,-80.4347
Cold,Severe,43.9911,-70.9479
Fog,Severe,32.8645,-117.1366
Fog,Severe,32.8645,-117.1366
Snow,Light,42.8875,-90.2315
Snow,Light,42.8875,-90.2315
Cold,Severe,42.8875,-90.2315
Snow,Light,43.7224,-85.4977
Snow,Light,43.7224,-85.4977
Snow,Light,43.7224,-85.4977
Snow,Light,43.7224,-85.4977
Snow,Light,43.7224,-85.4977
Snow,Light,45.3047,-85.2747
Fog,Moderate,45.3047,-85.2747
Snow,Light,45.3047,-85.2747
Fog,Moderate,45.3047,-85.2747
Snow,Light,45.3047,-85.2747
Snow,Light,45.3047,-85.2747
Fog,Moderate,45.3047,-85.2747
Snow,Light,45.3047,-85.2747
Fog,Severe,45.3047,-85.2747
Snow,Light,45.3047,-85.2747
Fog,Moderate,45.3047,-85.2747
Snow,Light,45.3047,-85.2747
Fog,Moderate,45.3047,-85.2747
Fog,Severe,45.3047,-85.2747
Fog,Moderate,45.3047,-85.2747
Snow,Light,45.3047,-85.2747
Fog,Moderate,45.3047,-85.2747
Snow,Light,45.3047,-85.2747
Fog,Moderate,45.3047,-85.2747
Snow,Light,45.3047,-85.2747
Fog,Moderate,45.3047,-85.2747
Snow,Light,45.3047,-85.2747
Fog,Moderate,45.3047,-85.2747
Snow,Light,45.3047,-85.2747
Fog,Moderate,45.3047,-85.2747
Fog,Moderate,40.8731,-81.8867
Snow,Light,40.8731,-81.8867
Fog,Moderate,40.8731,-81.8867
Fog,Moderate,40.8731,-81.8867
Fog,Moderate,40.8731,-81.8867
Cold,Severe,42.0454,-90.1101
Rain,Light,31.0849,-83.8033
Cold,Severe,46.619,-93.3127
Fog,Moderate,34.0532,-117.5768
Fog,Moderate,34.0532,-117.5768
Snow,Light,38.0339,-84.6115
Fog,Moderate,45.9884,-95.9935
Fog,Severe,33.4668,-105.5278
Snow,Light,33.4668,-105.5278
Fog,Moderate,45.7881,-111.1608
Rain,Light,26.9185,-81.9939
Rain,Light,26.9185,-81.9939
Cold,Severe,38.7242,-120.7533
Rain,Light,31.2767,-85.711
Rain,Light,31.2767,-85.711
Rain,Light,31.2767,-85.711
Snow,Light,37.8583,-80.3995
Fog,Moderate,29.805,-95.8979
Cold,Severe,32.719,-98.891
Cold,Severe,32.719,-98.891
Fog,Moderate,32.719,-98.891
Fog,Moderate,32.719,-98.891
Snow,Light,31.4213,-97.79700000000001
Snow,Light,30.5881,-96.3639
Snow,Light,39.6499,-79.9206
Snow,Light,39.6499,-79.9206
Snow,Light,39.6499,-79.9206
Fog,Moderate,41.0136,-83.6686
Fog,Moderate,41.0136,-83.6686
Fog,Moderate,41.0136,-83.6686
Fog,Severe,41.0136,-83.6686
Snow,Light,41.0136,-83.6686
Fog,Moderate,41.0136,-83.6686
Snow,Light,48.726000000000006,-116.295
Snow,Light,48.726000000000006,-116.295
Snow,Light,48.726000000000006,-116.295
Fog,Moderate,40.1743,-103.2146
Fog,Severe,40.1743,-103.2146
Cold,Severe,44.7794,-89.671
Snow,Light,42.938,-85.0605
Snow,Light,42.938,-85.0605
Snow,Light,42.938,-85.0605
Fog,Moderate,42.938,-85.0605
Cold,Severe,41.4316,-88.4152
Cold,Severe,41.4316,-88.4152
Cold,Severe,41.4316,-88.4152
Cold,Severe,41.4316,-88.4152
Snow,Light,41.778,-80.6955
Fog,Severe,41.778,-80.6955
Snow,Light,41.778,-80.6955
Fog,Severe,41.778,-80.6955
Snow,Light,41.778,-80.6955
Snow,Light,36.3989,-76.0164
Rain,Light,41.7253,-106.4594
Rain,Light,41.7253,-106.4594
Rain,Light,41.7253,-106.4594
Rain,Light,41.7253,-106.4594
Rain,Light,41.7253,-106.4594
Rain,Light,41.7253,-106.4594
Rain,Light,41.7253,-106.4594
Rain,Light,41.7253,-106.4594
Rain,Light,41.7253,-106.4594
Cold,Severe,40.2247,-83.3516
Cold,Severe,32.5521,-88.5556
Rain,Light,30.9791,-83.1925
Rain,Light,30.9791,-83.1925
Rain,Light,30.9791,-83.1925
Rain,Light,30.9791,-83.1925
Rain,Light,30.9791,-83.1925
Rain,Light,30.9791,-83.1925
Rain,Light,30.9791,-83.1925
Rain,Light,30.9791,-83.1925
Rain,Light,30.9791,-83.1925
Cold,Severe,40.1493,-97.5872
Cold,Severe,42.2475,-89.581
Snow,Light,44.6803,-84.7289
Snow,Light,44.6803,-84.7289
Fog,Moderate,44.6803,-84.7289
Fog,Moderate,44.6803,-84.7289
Snow,Light,44.6803,-84.7289
Snow,Light,44.6803,-84.7289
Fog,Severe,35.4319,-82.5375
Snow,Light,35.4319,-82.5375
Snow,Light,37.6004,-81.5593
Snow,Light,37.6004,-81.5593
Snow,Light,37.6004,-81.5593
Snow,Light,37.6004,-81.5593
Snow,Light,37.6004,-81.5593
Fog,Moderate,40.4719,-81.4236
Fog,Moderate,40.4719,-81.4236
Fog,Moderate,40.4719,-81.4236
Snow,Light,40.4719,-81.4236
Snow,Light,42.2367,-83.5264
Cold,Severe,43.1153,-89.5311
Snow,Light,42.0986,-83.1611
Snow,Light,46.0072,-83.7427
Fog,Moderate,46.0072,-83.7427
Snow,Light,46.0072,-83.7427
Snow,Light,40.0117,-105.0503
Snow,Light,40.0117,-105.0503
Snow,Light,40.0117,-105.0503
Snow,Light,40.0117,-105.0503
Snow,Light,40.0117,-105.0503
Fog,Moderate,40.0117,-105.0503
Fog,Moderate,40.0117,-105.0503
Cold,Severe,40.6306,-93.9008
Fog,Severe,36.3115,-119.6231
Fog,Severe,36.3115,-119.6231
Fog,Severe,36.3115,-119.6231
Fog,Moderate,36.3115,-119.6231
Cold,Severe,43.7748,-98.0386
Cold,Severe,41.4489,-96.52
Cold,Severe,45.1984,-89.71
Fog,Severe,46.677,-122.9827
Cold,Severe,46.677,-122.9827
Fog,Severe,46.677,-122.9827
Cold,Severe,46.677,-122.9827
Fog,Severe,46.677,-122.9827
Cold,Severe,46.677,-122.9827
Fog,Severe,46.677,-122.9827
Fog,Moderate,41.0375,-81.4642
Snow,Light,41.0375,-81.4642
Fog,Moderate,41.0375,-81.4642
Snow,Light,41.0375,-81.4642
Fog,Moderate,41.0375,-81.4642
Snow,Light,41.0375,-81.4642
Snow,Light,41.0375,-81.4642
Cold,Severe,43.5264,-89.98100000000001
Fog,Moderate,35.3567,-89.8703
Fog,Moderate,35.3567,-89.8703
Fog,Moderate,39.8403,-83.8402
Snow,Light,39.8403,-83.8402
Snow,Light,39.8403,-83.8402
Rain,Light,31.1522,-81.3908
Rain,Light,31.1522,-81.3908
Rain,Light,31.1522,-81.3908
Snow,Light,31.1522,-81.3908
Fog,Moderate,33.8034,-118.3396
Snow,Light,41.5173,-81.6832
Fog,Moderate,41.5173,-81.6832
Snow,Light,41.5173,-81.6832
Snow,Light,41.5173,-81.6832
Snow,Light,41.5173,-81.6832
Fog,Moderate,43.9855,-73.0955
Cold,Severe,43.9855,-73.0955
Snow,Light,41.1409,-104.8691
Snow,Moderate,41.1409,-104.8691
Snow,Light,41.1409,-104.8691
Snow,Moderate,41.1409,-104.8691
Snow,Light,41.1409,-104.8691
Snow,Light,41.1409,-104.8691
Storm,Severe,41.1409,-104.8691
Cold,Severe,41.2261,-92.4938
Fog,Moderate,26.199,-80.1776
Rain,Light,30.4953,-81.6937
Rain,Light,30.4953,-81.6937
Rain,Light,30.4953,-81.6937
Rain,Light,30.4953,-81.6937
Cold,Severe,41.2752,-91.6748
Cold,Severe,41.0231,-89.3885
Cold,Severe,41.0231,-89.3885
Cold,Severe,41.8295,-90.3328
Cold,Severe,41.8295,-90.3328
Fog,Severe,46.3745,-117.0154
Fog,Severe,46.3745,-117.0154
Fog,Severe,46.3745,-117.0154
Fog,Severe,46.3745,-117.0154
Rain,Light,29.9592,-81.34100000000001
Fog,Moderate,29.9592,-81.34100000000001
Cold,Severe,45.5442,-94.0516
Cold,Severe,44.0203,-92.8295
Snow,Light,39.0784,-84.2102
Snow,Light,36.0182,-75.6713
Snow,Light,36.0182,-75.6713
Snow,Light,36.0182,-75.6713
Cold,Severe,43.1406,-89.3453
Fog,Severe,34.2119,-119.0916
Fog,Moderate,34.2119,-119.0916
Fog,Moderate,34.2119,-119.0916
Fog,Moderate,30.3564,-95.008
Fog,Moderate,30.3564,-95.008
Fog,Severe,33.8118,-118.1472
Fog,Severe,33.8118,-118.1472
Fog,Severe,33.8118,-118.1472
Fog,Severe,33.8118,-118.1472
Fog,Severe,33.8118,-118.1472
Fog,Moderate,33.8118,-118.1472
Cold,Severe,43.2348,-93.6241
Rain,Light,30.3959,-81.4229
Rain,Light,30.3959,-81.4229
Rain,Light,30.3959,-81.4229
Rain,Moderate,30.3959,-81.4229
Rain,Light,30.3959,-81.4229
Snow,Light,38.75,-104.85
Snow,Light,38.75,-104.85
Snow,Light,38.75,-104.85
Snow,Light,38.75,-104.85
Snow,Light,44.2785,-85.4207
Snow,Light,44.2785,-85.4207
Fog,Moderate,44.2785,-85.4207
Snow,Light,44.2785,-85.4207
Fog,Moderate,44.2785,-85.4207
Snow,Light,44.2785,-85.4207
Snow,Light,44.2785,-85.4207
Fog,Moderate,44.2785,-85.4207
Snow,Light,44.2785,-85.4207
Snow,Light,44.2785,-85.4207
Snow,Light,44.2785,-85.4207
Rain,Light,32.8351,-105.9941
Rain,Light,32.8351,-105.9941
Rain,Light,32.8351,-105.9941
Rain,Light,32.8351,-105.9941
Cold,Severe,47.0493,-109.4667
Cold,Severe,47.0493,-109.4667
Snow,Heavy,38.8853,-79.8528
Snow,Moderate,38.8853,-79.8528
Snow,Light,38.8853,-79.8528
Snow,Heavy,38.8853,-79.8528
Precipitation,UNK,38.8853,-79.8528
Snow,Light,41.2544,-80.6739
Fog,Moderate,29.6223,-95.6565
Snow,Light,34.594,-83.296
Snow,Light,34.594,-83.296
Cold,Severe,41.0522,-93.6897
Snow,Light,39.9907,-82.8769
Snow,Light,46.9208,-114.0925
Fog,Severe,46.9208,-114.0925
Fog,Moderate,46.9208,-114.0925
Fog,Severe,46.9208,-114.0925
Fog,Moderate,41.3149,-122.31700000000001
Rain,Light,28.4739,-82.4537
Rain,Light,28.4739,-82.4537
Rain,Light,28.4739,-82.4537
Cold,Severe,42.9103,-82.5332
Cold,Severe,42.9103,-82.5332
Rain,Light,32.1951,-81.8696
Fog,Moderate,32.563,-117.1109
Fog,Severe,32.563,-117.1109
Fog,Severe,32.563,-117.1109
Cold,Severe,32.563,-117.1109
Fog,Severe,32.563,-117.1109
Fog,Moderate,32.563,-117.1109
Fog,Moderate,32.563,-117.1109
Cold,Severe,44.8601,-93.03200000000001
Rain,Light,28.2281,-82.1559
Rain,Light,28.2281,-82.1559
Rain,Light,28.2281,-82.1559
Fog,Severe,48.1585,-122.1591
Fog,Severe,48.1585,-122.1591
Cold,Severe,43.9042,-92.4917
Fog,Moderate,39.3747,-99.8297
Cold,Severe,40.0324,-88.2755
Cold,Severe,44.8854,-93.2313
Snow,Light,37.7873,-81.1242
Snow,Light,37.7873,-81.1242
Cold,Severe,44.0511,-101.6011
Fog,Moderate,42.5544,-92.4013
Cold,Severe,45.9509,-94.3441
Fog,Moderate,40.175,-80.6463
Snow,Light,40.175,-80.6463
Snow,Light,40.175,-80.6463
Snow,Light,41.586999999999996,-83.8054
Fog,Moderate,41.586999999999996,-83.8054
Snow,Light,41.586999999999996,-83.8054
Fog,Moderate,41.586999999999996,-83.8054
Snow,Light,36.8553,-84.8561
Cold,Severe,43.0796,-94.2723
Fog,Moderate,28.0198,-82.3415
Rain,Light,28.0198,-82.3415
Rain,Light,28.0198,-82.3415
Rain,Light,28.0198,-82.3415
Rain,Light,28.0198,-82.3415
Fog,Moderate,39.9444,-81.8921
Snow,Light,39.9444,-81.8921
Fog,Moderate,39.9444,-81.8921
Snow,Light,39.9444,-81.8921
Cold,Severe,39.7719,-94.9097
Snow,Light,43.1083,-78.9382
Fog,Moderate,43.1083,-78.9382
Snow,Light,43.1083,-78.9382
Fog,Moderate,46.6044,-111.9892
Cold,Severe,40.7911,-99.7772
Snow,Light,40.7911,-99.7772
Snow,Light,40.7911,-99.7772
Snow,Light,40.6133,-103.2611
Snow,Light,40.6133,-103.2611
Fog,Moderate,25.788,-80.3169
Fog,Moderate,27.9633,-82.54
Rain,Light,27.9633,-82.54
Rain,Light,27.9633,-82.54
Rain,Light,27.9633,-82.54
Rain,Light,27.9152,-82.4518
Rain,Light,27.9152,-82.4518
Rain,Light,27.9152,-82.4518
Cold,Severe,27.9152,-82.4518
Cold,Severe,27.9152,-82.4518
Cold,Severe,44.1451,-103.1036
Fog,Moderate,28.0837,-97.0466
Rain,Light,28.0837,-97.0466
Rain,Light,28.0837,-97.0466
Snow,Light,48.9318,-95.3405
Cold,Severe,47.7966,-103.2552
Cold,Severe,45.42100000000001,-123.8144
Cold,Severe,45.42100000000001,-123.8144
Fog,Moderate,30.5857,-100.6486
Cold,Severe,48.9402,-97.9053
Cold,Severe,48.9402,-97.9053
Rain,Light,30.0333,-85.5333
Rain,Light,30.0333,-85.5333
Cold,Severe,48.0597,-96.1788
Cold,Severe,44.6884,-111.1176
Fog,Severe,44.6884,-111.1176
Cold,Severe,44.6884,-111.1176
Fog,Severe,44.6884,-111.1176
Fog,Moderate,44.6884,-111.1176
Fog,Severe,44.6884,-111.1176
Cold,Severe,47.8366,-90.3864
Cold,Severe,47.8366,-90.3864
Cold,Severe,47.8366,-90.3864
Cold,Severe,47.8366,-90.3864
Fog,Severe,40.8034,-124.1128
Fog,Severe,40.8034,-124.1128
Rain,Light,31.0559,-82.7741
Rain,Light,31.0559,-82.7741
Rain,Light,31.0559,-82.7741
Rain,Light,31.0559,-82.7741
Fog,Severe,33.286,-117.456
Fog,Severe,33.286,-117.456
Fog,Severe,33.286,-117.456
Fog,Moderate,33.286,-117.456
Fog,Moderate,33.286,-117.456
Cold,Severe,44.0727,-103.2108
Fog,Severe,44.0727,-103.2108
Cold,Severe,43.8922,-69.9386
Fog,Moderate,38.6869,-80.6517
Fog,Moderate,38.6869,-80.6517
Snow,Light,38.6869,-80.6517
Fog,Severe,34.7275,-120.5783
Cold,Severe,44.1466,-107.1744
Fog,Severe,44.1466,-107.1744
Fog,Severe,44.1466,-107.1744
Fog,Severe,44.1466,-107.1744
Fog,Severe,44.1466,-107.1744
Cold,Severe,44.75,-109.37
Fog,Severe,35.6656,-121.2847
Fog,Severe,35.6656,-121.2847
Fog,Severe,35.6656,-121.2847
Cold,Severe,46.1,-97.15
Cold,Severe,43.1235,-106.3375
Cold,Severe,43.1235,-106.3375
Fog,Severe,42.8367,-105.8618
Fog,Moderate,42.8367,-105.8618
Rain,Light,26.1775,-97.9731
Rain,Light,26.1775,-97.9731
Rain,Light,26.1775,-97.9731
Rain,Light,26.1775,-97.9731
Rain,Light,26.1775,-97.9731
Fog,Moderate,26.1775,-97.9731
Cold,Severe,46.4333,-109.8333
Snow,Light,33.6325,-83.8496
Cold,Severe,42.5587,-106.8474
Cold,Severe,42.5587,-106.8474
Fog,Severe,46.6667,-113.15
Snow,Light,46.6667,-113.15
Fog,Severe,46.6667,-113.15
Fog,Severe,46.6667,-113.15
Fog,Moderate,46.6667,-113.15
Fog,Severe,46.6667,-113.15
Fog,Severe,46.6667,-113.15
Fog,Severe,46.6667,-113.15
Snow,Light,40.0503,-105.5839
Snow,Light,40.0503,-105.5839
Snow,Light,40.0503,-105.5839
Snow,Light,40.0503,-105.5839
Rain,Light,30.5069,-86.9597
Rain,Light,30.5069,-86.9597
Snow,Light,30.5069,-86.9597
Fog,Severe,46.25,-114.15
Snow,Light,46.25,-114.15
Fog,Severe,46.25,-114.15
Fog,Severe,46.25,-114.15
Fog,Moderate,46.25,-114.15
Fog,Severe,46.25,-114.15
Fog,Severe,46.25,-114.15
Fog,Severe,46.25,-114.15
Cold,Severe,45.4175,-123.8087
Cold,Severe,45.4175,-123.8087
Rain,Light,31.1377,-83.7041
Cold,Severe,44.7342,-103.86200000000001
Fog,Severe,44.7342,-103.86200000000001
Fog,Moderate,44.2197,-106.1041
Fog,Moderate,44.2197,-106.1041
Fog,Severe,28.209,-100.01899999999999
Fog,Severe,28.209,-100.01899999999999
Fog,Severe,28.209,-100.01899999999999
Fog,Severe,28.209,-100.01899999999999
Fog,Severe,28.209,-100.01899999999999
Fog,Severe,28.209,-100.01899999999999
Fog,Severe,28.209,-100.01899999999999
Fog,Severe,28.209,-100.01899999999999
Snow,Light,44.294,-104.6288
Fog,Moderate,34.3667,-118.5667
Fog,Moderate,34.3667,-118.5667
Fog,Moderate,34.3667,-118.5667
Fog,Moderate,34.3667,-118.5667
Fog,Moderate,34.3667,-118.5667
Snow,Light,34.2687,-86.85799999999999
Fog,Severe,46.4772,-122.8065
Fog,Moderate,43.9325,-105.4465
Fog,Moderate,43.9325,-105.4465
Snow,Light,34.4917,-88.2011
Snow,Light,37.751,-82.6367
Cold,Severe,44.5343,-106.8049
Fog,Moderate,44.5343,-106.8049
Fog,Moderate,44.5343,-106.8049
Snow,Light,44.5343,-106.8049
Fog,Severe,44.5343,-106.8049
Fog,Moderate,44.5343,-106.8049
Fog,Severe,42.45,-105.0333
Fog,Moderate,42.45,-105.0333
Fog,Severe,39.0,-110.1667
Fog,Severe,39.0,-110.1667
Fog,Severe,39.0,-110.1667
Fog,Severe,28.9444,-81.9701
Rain,Light,28.9444,-81.9701
Rain,Light,28.9444,-81.9701
Rain,Light,28.9444,-81.9701
Rain,Light,28.9444,-81.9701
Snow,Light,42.5833,-108.2833
Fog,Severe,42.5833,-108.2833
Fog,Severe,42.5833,-108.2833
Fog,Severe,42.5833,-108.2833
Fog,Severe,42.5833,-108.2833
Snow,Light,42.5833,-108.2833
Fog,Severe,42.5833,-108.2833
Snow,Light,42.5833,-108.2833
Fog,Severe,42.5833,-108.2833
Snow,Light,42.5833,-108.2833
Fog,Severe,42.5833,-108.2833
Fog,Severe,42.5833,-108.2833
Fog,Severe,42.5833,-108.2833
Snow,Light,42.5833,-108.2833
Fog,Severe,42.5833,-108.2833
